Experiment,Method,Real Data %,Test Accuracy,Test F1,Degradation %,Recall (TPR),Specificity (TNR),F1-Score,G-Mean,AUC-ROC
Diversity,Mixup,100.0,0.9307,0.9302,-0.78,,,,,
Diversity,Mixup,80.0,0.9327,0.9321,-0.57,,,,,
Diversity,Mixup,60.0,0.9207,0.9197,-1.85,,,,,
Diversity,Mixup,40.0,0.922,0.9206,-1.71,,,,,
Diversity,Mixup,20.0,0.8913,0.8892,-4.98,,,,,
Diversity,Mixup,10.0,0.8847,0.8821,-5.69,,,,,
Diversity,GAN,100.0,0.938,0.9376,0.0,,,,,
Diversity,GAN,80.0,0.932,0.931,-0.64,,,,,
Diversity,GAN,60.0,0.9213,0.9204,-1.78,,,,,
Diversity,GAN,40.0,0.91,0.909,-2.99,,,,,
Diversity,GAN,20.0,0.8953,0.8938,-4.55,,,,,
Diversity,GAN,10.0,0.8687,0.8669,-7.39,,,,,
