Experiment,Method,Real Data %,Test Accuracy,Test F1,Degradation %,Recall (TPR),Specificity (TNR),F1-Score,G-Mean,AUC-ROC
Balancing,"Mixup (minority, r=0.25)",,,,,0.2762,0.9993,0.4265,0.5254,0.9155
Balancing,"Mixup (minority, r=0.5)",,,,,0.3714,0.9938,0.4815,0.6076,0.9042
Balancing,"Mixup (minority, r=1.0)",,,,,0.5143,0.9755,0.4696,0.7083,0.8885
Balancing,"Mixup (minority, r=2.0)",,,,,0.6381,0.9233,0.3401,0.7676,0.8704
Balancing,"Mixup (minority, r=3.0)",,,,,0.7333,0.8777,0.2873,0.8023,0.8603
Balancing,"GAN (minority, r=0.25)",,,,,0.019,1.0,0.0374,0.138,0.8819
Balancing,"GAN (minority, r=0.5)",,,,,0.019,1.0,0.0374,0.138,0.8887
Balancing,"GAN (minority, r=1.0)",,,,,0.0286,1.0,0.0556,0.169,0.8884
Balancing,"GAN (minority, r=2.0)",,,,,0.019,1.0,0.0374,0.138,0.8841
Balancing,"GAN (minority, r=3.0)",,,,,0.019,1.0,0.0374,0.138,0.8865
